Country,Lat,Long,Date,Confirmed_cases,Dead,Recovered
Burkina Faso,12.2383,-1.5616,2020-01-22,0,0,0
Burkina Faso,12.2383,-1.5616,2020-01-23,0,0,0
Burkina Faso,12.2383,-1.5616,2020-01-24,0,0,0
Burkina Faso,12.2383,-1.5616,2020-01-25,0,0,0
Burkina Faso,12.2383,-1.5616,2020-01-26,0,0,0
Burkina Faso,12.2383,-1.5616,2020-01-27,0,0,0
Burkina Faso,12.2383,-1.5616,2020-01-28,0,0,0
Burkina Faso,12.2383,-1.5616,2020-01-29,0,0,0
Burkina Faso,12.2383,-1.5616,2020-01-30,0,0,0
Burkina Faso,12.2383,-1.5616,2020-01-31,0,0,0
Burkina Faso,12.2383,-1.5616,2020-02-01,0,0,0
Burkina Faso,12.2383,-1.5616,2020-02-02,0,0,0
Burkina Faso,12.2383,-1.5616,2020-02-03,0,0,0
Burkina Faso,12.2383,-1.5616,2020-02-04,0,0,0
Burkina Faso,12.2383,-1.5616,2020-02-05,0,0,0
Burkina Faso,12.2383,-1.5616,2020-02-06,0,0,0
Burkina Faso,12.2383,-1.5616,2020-02-07,0,0,0
Burkina Faso,12.2383,-1.5616,2020-02-08,0,0,0
Burkina Faso,12.2383,-1.5616,2020-02-09,0,0,0
Burkina Faso,12.2383,-1.5616,2020-02-10,0,0,0
Burkina Faso,12.2383,-1.5616,2020-02-11,0,0,0
Burkina Faso,12.2383,-1.5616,2020-02-12,0,0,0
Burkina Faso,12.2383,-1.5616,2020-02-13,0,0,0
Burkina Faso,12.2383,-1.5616,2020-02-14,0,0,0
Burkina Faso,12.2383,-1.5616,2020-02-15,0,0,0
Burkina Faso,12.2383,-1.5616,2020-02-16,0,0,0
Burkina Faso,12.2383,-1.5616,2020-02-17,0,0,0
Burkina Faso,12.2383,-1.5616,2020-02-18,0,0,0
Burkina Faso,12.2383,-1.5616,2020-02-19,0,0,0
Burkina Faso,12.2383,-1.5616,2020-02-20,0,0,0
Burkina Faso,12.2383,-1.5616,2020-02-21,0,0,0
Burkina Faso,12.2383,-1.5616,2020-02-22,0,0,0
Burkina Faso,12.2383,-1.5616,2020-02-23,0,0,0
Burkina Faso,12.2383,-1.5616,2020-02-24,0,0,0
Burkina Faso,12.2383,-1.5616,2020-02-25,0,0,0
Burkina Faso,12.2383,-1.5616,2020-02-26,0,0,0
Burkina Faso,12.2383,-1.5616,2020-02-27,0,0,0
Burkina Faso,12.2383,-1.5616,2020-02-28,0,0,0
Burkina Faso,12.2383,-1.5616,2020-02-29,0,0,0
Burkina Faso,12.2383,-1.5616,2020-03-01,0,0,0
Burkina Faso,12.2383,-1.5616,2020-03-02,0,0,0
Burkina Faso,12.2383,-1.5616,2020-03-03,0,0,0
Burkina Faso,12.2383,-1.5616,2020-03-04,0,0,0
Burkina Faso,12.2383,-1.5616,2020-03-05,0,0,0
Burkina Faso,12.2383,-1.5616,2020-03-06,0,0,0
Burkina Faso,12.2383,-1.5616,2020-03-07,0,0,0
Burkina Faso,12.2383,-1.5616,2020-03-08,0,0,0
Burkina Faso,12.2383,-1.5616,2020-03-09,0,0,0
Burkina Faso,12.2383,-1.5616,2020-03-10,1,0,0
Burkina Faso,12.2383,-1.5616,2020-03-11,2,0,0
Burkina Faso,12.2383,-1.5616,2020-03-12,2,0,0
Burkina Faso,12.2383,-1.5616,2020-03-13,2,0,0
Burkina Faso,12.2383,-1.5616,2020-03-14,2,0,0
Burkina Faso,12.2383,-1.5616,2020-03-15,3,0,0
Burkina Faso,12.2383,-1.5616,2020-03-16,15,0,0
Burkina Faso,12.2383,-1.5616,2020-03-17,15,0,0
Burkina Faso,12.2383,-1.5616,2020-03-18,20,1,0
Burkina Faso,12.2383,-1.5616,2020-03-19,33,1,0
Burkina Faso,12.2383,-1.5616,2020-03-20,40,1,0
Burkina Faso,12.2383,-1.5616,2020-03-21,64,2,5
Burkina Faso,12.2383,-1.5616,2020-03-22,75,4,5
Burkina Faso,12.2383,-1.5616,2020-03-23,99,4,5
Burkina Faso,12.2383,-1.5616,2020-03-24,114,4,7
Burkina Faso,12.2383,-1.5616,2020-03-25,146,4,10
Burkina Faso,12.2383,-1.5616,2020-03-26,152,7,10
Burkina Faso,12.2383,-1.5616,2020-03-27,180,9,12
Burkina Faso,12.2383,-1.5616,2020-03-28,207,11,21
Burkina Faso,12.2383,-1.5616,2020-03-29,222,12,23
Burkina Faso,12.2383,-1.5616,2020-03-30,246,12,31
Burkina Faso,12.2383,-1.5616,2020-03-31,261,14,32
Burkina Faso,12.2383,-1.5616,2020-04-01,282,16,46
Burkina Faso,12.2383,-1.5616,2020-04-02,288,16,50
Burkina Faso,12.2383,-1.5616,2020-04-03,302,16,50
Burkina Faso,12.2383,-1.5616,2020-04-04,318,16,66
Burkina Faso,12.2383,-1.5616,2020-04-05,345,17,90
Burkina Faso,12.2383,-1.5616,2020-04-06,364,18,108
Burkina Faso,12.2383,-1.5616,2020-04-07,384,19,127
Benin,9.3077,2.3158,2020-01-22,0,0,0
Benin,9.3077,2.3158,2020-01-23,0,0,0
Benin,9.3077,2.3158,2020-01-24,0,0,0
Benin,9.3077,2.3158,2020-01-25,0,0,0
Benin,9.3077,2.3158,2020-01-26,0,0,0
Benin,9.3077,2.3158,2020-01-27,0,0,0
Benin,9.3077,2.3158,2020-01-28,0,0,0
Benin,9.3077,2.3158,2020-01-29,0,0,0
Benin,9.3077,2.3158,2020-01-30,0,0,0
Benin,9.3077,2.3158,2020-01-31,0,0,0
Benin,9.3077,2.3158,2020-02-01,0,0,0
Benin,9.3077,2.3158,2020-02-02,0,0,0
Benin,9.3077,2.3158,2020-02-03,0,0,0
Benin,9.3077,2.3158,2020-02-04,0,0,0
Benin,9.3077,2.3158,2020-02-05,0,0,0
Benin,9.3077,2.3158,2020-02-06,0,0,0
Benin,9.3077,2.3158,2020-02-07,0,0,0
Benin,9.3077,2.3158,2020-02-08,0,0,0
Benin,9.3077,2.3158,2020-02-09,0,0,0
Benin,9.3077,2.3158,2020-02-10,0,0,0
Benin,9.3077,2.3158,2020-02-11,0,0,0
Benin,9.3077,2.3158,2020-02-12,0,0,0
Benin,9.3077,2.3158,2020-02-13,0,0,0
Benin,9.3077,2.3158,2020-02-14,0,0,0
Benin,9.3077,2.3158,2020-02-15,0,0,0
Benin,9.3077,2.3158,2020-02-16,0,0,0
Benin,9.3077,2.3158,2020-02-17,0,0,0
Benin,9.3077,2.3158,2020-02-18,0,0,0
Benin,9.3077,2.3158,2020-02-19,0,0,0
Benin,9.3077,2.3158,2020-02-20,0,0,0
Benin,9.3077,2.3158,2020-02-21,0,0,0
Benin,9.3077,2.3158,2020-02-22,0,0,0
Benin,9.3077,2.3158,2020-02-23,0,0,0
Benin,9.3077,2.3158,2020-02-24,0,0,0
Benin,9.3077,2.3158,2020-02-25,0,0,0
Benin,9.3077,2.3158,2020-02-26,0,0,0
Benin,9.3077,2.3158,2020-02-27,0,0,0
Benin,9.3077,2.3158,2020-02-28,0,0,0
Benin,9.3077,2.3158,2020-02-29,0,0,0
Benin,9.3077,2.3158,2020-03-01,0,0,0
Benin,9.3077,2.3158,2020-03-02,0,0,0
Benin,9.3077,2.3158,2020-03-03,0,0,0
Benin,9.3077,2.3158,2020-03-04,0,0,0
Benin,9.3077,2.3158,2020-03-05,0,0,0
Benin,9.3077,2.3158,2020-03-06,0,0,0
Benin,9.3077,2.3158,2020-03-07,0,0,0
Benin,9.3077,2.3158,2020-03-08,0,0,0
Benin,9.3077,2.3158,2020-03-09,0,0,0
Benin,9.3077,2.3158,2020-03-10,0,0,0
Benin,9.3077,2.3158,2020-03-11,0,0,0
Benin,9.3077,2.3158,2020-03-12,0,0,0
Benin,9.3077,2.3158,2020-03-13,0,0,0
Benin,9.3077,2.3158,2020-03-14,0,0,0
Benin,9.3077,2.3158,2020-03-15,0,0,0
Benin,9.3077,2.3158,2020-03-16,1,0,0
Benin,9.3077,2.3158,2020-03-17,1,0,0
Benin,9.3077,2.3158,2020-03-18,2,0,0
Benin,9.3077,2.3158,2020-03-19,2,0,0
Benin,9.3077,2.3158,2020-03-20,2,0,0
Benin,9.3077,2.3158,2020-03-21,2,0,0
Benin,9.3077,2.3158,2020-03-22,2,0,0
Benin,9.3077,2.3158,2020-03-23,5,0,0
Benin,9.3077,2.3158,2020-03-24,6,0,0
Benin,9.3077,2.3158,2020-03-25,6,0,0
Benin,9.3077,2.3158,2020-03-26,6,0,0
Benin,9.3077,2.3158,2020-03-27,6,0,0
Benin,9.3077,2.3158,2020-03-28,6,0,0
Benin,9.3077,2.3158,2020-03-29,6,0,0
Benin,9.3077,2.3158,2020-03-30,6,0,0
Benin,9.3077,2.3158,2020-03-31,9,0,1
Benin,9.3077,2.3158,2020-04-01,13,0,1
Benin,9.3077,2.3158,2020-04-02,13,0,1
Benin,9.3077,2.3158,2020-04-03,16,0,2
Benin,9.3077,2.3158,2020-04-04,16,0,2
Benin,9.3077,2.3158,2020-04-05,22,0,5
Benin,9.3077,2.3158,2020-04-06,26,1,5
Benin,9.3077,2.3158,2020-04-07,26,1,5
Cote d'Ivoire,7.54,-5.5471,2020-01-22,0,0,0
Cote d'Ivoire,7.54,-5.5471,2020-01-23,0,0,0
Cote d'Ivoire,7.54,-5.5471,2020-01-24,0,0,0
Cote d'Ivoire,7.54,-5.5471,2020-01-25,0,0,0
Cote d'Ivoire,7.54,-5.5471,2020-01-26,0,0,0
Cote d'Ivoire,7.54,-5.5471,2020-01-27,0,0,0
Cote d'Ivoire,7.54,-5.5471,2020-01-28,0,0,0
Cote d'Ivoire,7.54,-5.5471,2020-01-29,0,0,0
Cote d'Ivoire,7.54,-5.5471,2020-01-30,0,0,0
Cote d'Ivoire,7.54,-5.5471,2020-01-31,0,0,0
Cote d'Ivoire,7.54,-5.5471,2020-02-01,0,0,0
Cote d'Ivoire,7.54,-5.5471,2020-02-02,0,0,0
Cote d'Ivoire,7.54,-5.5471,2020-02-03,0,0,0
Cote d'Ivoire,7.54,-5.5471,2020-02-04,0,0,0
Cote d'Ivoire,7.54,-5.5471,2020-02-05,0,0,0
Cote d'Ivoire,7.54,-5.5471,2020-02-06,0,0,0
Cote d'Ivoire,7.54,-5.5471,2020-02-07,0,0,0
Cote d'Ivoire,7.54,-5.5471,2020-02-08,0,0,0
Cote d'Ivoire,7.54,-5.5471,2020-02-09,0,0,0
Cote d'Ivoire,7.54,-5.5471,2020-02-10,0,0,0
Cote d'Ivoire,7.54,-5.5471,2020-02-11,0,0,0
Cote d'Ivoire,7.54,-5.5471,2020-02-12,0,0,0
Cote d'Ivoire,7.54,-5.5471,2020-02-13,0,0,0
Cote d'Ivoire,7.54,-5.5471,2020-02-14,0,0,0
Cote d'Ivoire,7.54,-5.5471,2020-02-15,0,0,0
Cote d'Ivoire,7.54,-5.5471,2020-02-16,0,0,0
Cote d'Ivoire,7.54,-5.5471,2020-02-17,0,0,0
Cote d'Ivoire,7.54,-5.5471,2020-02-18,0,0,0
Cote d'Ivoire,7.54,-5.5471,2020-02-19,0,0,0
Cote d'Ivoire,7.54,-5.5471,2020-02-20,0,0,0
Cote d'Ivoire,7.54,-5.5471,2020-02-21,0,0,0
Cote d'Ivoire,7.54,-5.5471,2020-02-22,0,0,0
Cote d'Ivoire,7.54,-5.5471,2020-02-23,0,0,0
Cote d'Ivoire,7.54,-5.5471,2020-02-24,0,0,0
Cote d'Ivoire,7.54,-5.5471,2020-02-25,0,0,0
Cote d'Ivoire,7.54,-5.5471,2020-02-26,0,0,0
Cote d'Ivoire,7.54,-5.5471,2020-02-27,0,0,0
Cote d'Ivoire,7.54,-5.5471,2020-02-28,0,0,0
Cote d'Ivoire,7.54,-5.5471,2020-02-29,0,0,0
Cote d'Ivoire,7.54,-5.5471,2020-03-01,0,0,0
Cote d'Ivoire,7.54,-5.5471,2020-03-02,0,0,0
Cote d'Ivoire,7.54,-5.5471,2020-03-03,0,0,0
Cote d'Ivoire,7.54,-5.5471,2020-03-04,0,0,0
Cote d'Ivoire,7.54,-5.5471,2020-03-05,0,0,0
Cote d'Ivoire,7.54,-5.5471,2020-03-06,0,0,0
Cote d'Ivoire,7.54,-5.5471,2020-03-07,0,0,0
Cote d'Ivoire,7.54,-5.5471,2020-03-08,0,0,0
Cote d'Ivoire,7.54,-5.5471,2020-03-09,0,0,0
Cote d'Ivoire,7.54,-5.5471,2020-03-10,0,0,0
Cote d'Ivoire,7.54,-5.5471,2020-03-11,1,0,0
Cote d'Ivoire,7.54,-5.5471,2020-03-12,1,0,0
Cote d'Ivoire,7.54,-5.5471,2020-03-13,1,0,0
Cote d'Ivoire,7.54,-5.5471,2020-03-14,1,0,0
Cote d'Ivoire,7.54,-5.5471,2020-03-15,1,0,0
Cote d'Ivoire,7.54,-5.5471,2020-03-16,1,0,0
Cote d'Ivoire,7.54,-5.5471,2020-03-17,5,0,1
Cote d'Ivoire,7.54,-5.5471,2020-03-18,6,0,1
Cote d'Ivoire,7.54,-5.5471,2020-03-19,9,0,1
Cote d'Ivoire,7.54,-5.5471,2020-03-20,9,0,1
Cote d'Ivoire,7.54,-5.5471,2020-03-21,14,0,1
Cote d'Ivoire,7.54,-5.5471,2020-03-22,14,0,1
Cote d'Ivoire,7.54,-5.5471,2020-03-23,25,0,1
Cote d'Ivoire,7.54,-5.5471,2020-03-24,73,0,2
Cote d'Ivoire,7.54,-5.5471,2020-03-25,80,0,3
Cote d'Ivoire,7.54,-5.5471,2020-03-26,96,0,3
Cote d'Ivoire,7.54,-5.5471,2020-03-27,101,0,3
Cote d'Ivoire,7.54,-5.5471,2020-03-28,101,0,3
Cote d'Ivoire,7.54,-5.5471,2020-03-29,165,1,4
Cote d'Ivoire,7.54,-5.5471,2020-03-30,168,1,6
Cote d'Ivoire,7.54,-5.5471,2020-03-31,179,1,7
Cote d'Ivoire,7.54,-5.5471,2020-04-01,190,1,9
Cote d'Ivoire,7.54,-5.5471,2020-04-02,194,1,15
Cote d'Ivoire,7.54,-5.5471,2020-04-03,218,1,19
Cote d'Ivoire,7.54,-5.5471,2020-04-04,245,1,25
Cote d'Ivoire,7.54,-5.5471,2020-04-05,261,3,37
Cote d'Ivoire,7.54,-5.5471,2020-04-06,323,3,41
Cote d'Ivoire,7.54,-5.5471,2020-04-07,349,3,41
Cabo Verde,16.5388,-23.0418,2020-01-22,0,0,0
Cabo Verde,16.5388,-23.0418,2020-01-23,0,0,0
Cabo Verde,16.5388,-23.0418,2020-01-24,0,0,0
Cabo Verde,16.5388,-23.0418,2020-01-25,0,0,0
Cabo Verde,16.5388,-23.0418,2020-01-26,0,0,0
Cabo Verde,16.5388,-23.0418,2020-01-27,0,0,0
Cabo Verde,16.5388,-23.0418,2020-01-28,0,0,0
Cabo Verde,16.5388,-23.0418,2020-01-29,0,0,0
Cabo Verde,16.5388,-23.0418,2020-01-30,0,0,0
Cabo Verde,16.5388,-23.0418,2020-01-31,0,0,0
Cabo Verde,16.5388,-23.0418,2020-02-01,0,0,0
Cabo Verde,16.5388,-23.0418,2020-02-02,0,0,0
Cabo Verde,16.5388,-23.0418,2020-02-03,0,0,0
Cabo Verde,16.5388,-23.0418,2020-02-04,0,0,0
Cabo Verde,16.5388,-23.0418,2020-02-05,0,0,0
Cabo Verde,16.5388,-23.0418,2020-02-06,0,0,0
Cabo Verde,16.5388,-23.0418,2020-02-07,0,0,0
Cabo Verde,16.5388,-23.0418,2020-02-08,0,0,0
Cabo Verde,16.5388,-23.0418,2020-02-09,0,0,0
Cabo Verde,16.5388,-23.0418,2020-02-10,0,0,0
Cabo Verde,16.5388,-23.0418,2020-02-11,0,0,0
Cabo Verde,16.5388,-23.0418,2020-02-12,0,0,0
Cabo Verde,16.5388,-23.0418,2020-02-13,0,0,0
Cabo Verde,16.5388,-23.0418,2020-02-14,0,0,0
Cabo Verde,16.5388,-23.0418,2020-02-15,0,0,0
Cabo Verde,16.5388,-23.0418,2020-02-16,0,0,0
Cabo Verde,16.5388,-23.0418,2020-02-17,0,0,0
Cabo Verde,16.5388,-23.0418,2020-02-18,0,0,0
Cabo Verde,16.5388,-23.0418,2020-02-19,0,0,0
Cabo Verde,16.5388,-23.0418,2020-02-20,0,0,0
Cabo Verde,16.5388,-23.0418,2020-02-21,0,0,0
Cabo Verde,16.5388,-23.0418,2020-02-22,0,0,0
Cabo Verde,16.5388,-23.0418,2020-02-23,0,0,0
Cabo Verde,16.5388,-23.0418,2020-02-24,0,0,0
Cabo Verde,16.5388,-23.0418,2020-02-25,0,0,0
Cabo Verde,16.5388,-23.0418,2020-02-26,0,0,0
Cabo Verde,16.5388,-23.0418,2020-02-27,0,0,0
Cabo Verde,16.5388,-23.0418,2020-02-28,0,0,0
Cabo Verde,16.5388,-23.0418,2020-02-29,0,0,0
Cabo Verde,16.5388,-23.0418,2020-03-01,0,0,0
Cabo Verde,16.5388,-23.0418,2020-03-02,0,0,0
Cabo Verde,16.5388,-23.0418,2020-03-03,0,0,0
Cabo Verde,16.5388,-23.0418,2020-03-04,0,0,0
Cabo Verde,16.5388,-23.0418,2020-03-05,0,0,0
Cabo Verde,16.5388,-23.0418,2020-03-06,0,0,0
Cabo Verde,16.5388,-23.0418,2020-03-07,0,0,0
Cabo Verde,16.5388,-23.0418,2020-03-08,0,0,0
Cabo Verde,16.5388,-23.0418,2020-03-09,0,0,0
Cabo Verde,16.5388,-23.0418,2020-03-10,0,0,0
Cabo Verde,16.5388,-23.0418,2020-03-11,0,0,0
Cabo Verde,16.5388,-23.0418,2020-03-12,0,0,0
Cabo Verde,16.5388,-23.0418,2020-03-13,0,0,0
Cabo Verde,16.5388,-23.0418,2020-03-14,0,0,0
Cabo Verde,16.5388,-23.0418,2020-03-15,0,0,0
Cabo Verde,16.5388,-23.0418,2020-03-16,0,0,0
Cabo Verde,16.5388,-23.0418,2020-03-17,0,0,0
Cabo Verde,16.5388,-23.0418,2020-03-18,0,0,0
Cabo Verde,16.5388,-23.0418,2020-03-19,0,0,0
Cabo Verde,16.5388,-23.0418,2020-03-20,1,0,0
Cabo Verde,16.5388,-23.0418,2020-03-21,3,0,0
Cabo Verde,16.5388,-23.0418,2020-03-22,3,0,0
Cabo Verde,16.5388,-23.0418,2020-03-23,3,0,0
Cabo Verde,16.5388,-23.0418,2020-03-24,3,1,0
Cabo Verde,16.5388,-23.0418,2020-03-25,4,1,0
Cabo Verde,16.5388,-23.0418,2020-03-26,4,1,0
Cabo Verde,16.5388,-23.0418,2020-03-27,5,1,0
Cabo Verde,16.5388,-23.0418,2020-03-28,5,1,0
Cabo Verde,16.5388,-23.0418,2020-03-29,6,1,0
Cabo Verde,16.5388,-23.0418,2020-03-30,6,1,0
Cabo Verde,16.5388,-23.0418,2020-03-31,6,1,0
Cabo Verde,16.5388,-23.0418,2020-04-01,6,1,0
Cabo Verde,16.5388,-23.0418,2020-04-02,6,1,0
Cabo Verde,16.5388,-23.0418,2020-04-03,6,1,0
Cabo Verde,16.5388,-23.0418,2020-04-04,7,1,0
Cabo Verde,16.5388,-23.0418,2020-04-05,7,1,0
Cabo Verde,16.5388,-23.0418,2020-04-06,7,1,1
Cabo Verde,16.5388,-23.0418,2020-04-07,7,1,1
Ghana,7.9465,-1.0232,2020-01-22,0,0,0
Ghana,7.9465,-1.0232,2020-01-23,0,0,0
Ghana,7.9465,-1.0232,2020-01-24,0,0,0
Ghana,7.9465,-1.0232,2020-01-25,0,0,0
Ghana,7.9465,-1.0232,2020-01-26,0,0,0
Ghana,7.9465,-1.0232,2020-01-27,0,0,0
Ghana,7.9465,-1.0232,2020-01-28,0,0,0
Ghana,7.9465,-1.0232,2020-01-29,0,0,0
Ghana,7.9465,-1.0232,2020-01-30,0,0,0
Ghana,7.9465,-1.0232,2020-01-31,0,0,0
Ghana,7.9465,-1.0232,2020-02-01,0,0,0
Ghana,7.9465,-1.0232,2020-02-02,0,0,0
Ghana,7.9465,-1.0232,2020-02-03,0,0,0
Ghana,7.9465,-1.0232,2020-02-04,0,0,0
Ghana,7.9465,-1.0232,2020-02-05,0,0,0
Ghana,7.9465,-1.0232,2020-02-06,0,0,0
Ghana,7.9465,-1.0232,2020-02-07,0,0,0
Ghana,7.9465,-1.0232,2020-02-08,0,0,0
Ghana,7.9465,-1.0232,2020-02-09,0,0,0
Ghana,7.9465,-1.0232,2020-02-10,0,0,0
Ghana,7.9465,-1.0232,2020-02-11,0,0,0
Ghana,7.9465,-1.0232,2020-02-12,0,0,0
Ghana,7.9465,-1.0232,2020-02-13,0,0,0
Ghana,7.9465,-1.0232,2020-02-14,0,0,0
Ghana,7.9465,-1.0232,2020-02-15,0,0,0
Ghana,7.9465,-1.0232,2020-02-16,0,0,0
Ghana,7.9465,-1.0232,2020-02-17,0,0,0
Ghana,7.9465,-1.0232,2020-02-18,0,0,0
Ghana,7.9465,-1.0232,2020-02-19,0,0,0
Ghana,7.9465,-1.0232,2020-02-20,0,0,0
Ghana,7.9465,-1.0232,2020-02-21,0,0,0
Ghana,7.9465,-1.0232,2020-02-22,0,0,0
Ghana,7.9465,-1.0232,2020-02-23,0,0,0
Ghana,7.9465,-1.0232,2020-02-24,0,0,0
Ghana,7.9465,-1.0232,2020-02-25,0,0,0
Ghana,7.9465,-1.0232,2020-02-26,0,0,0
Ghana,7.9465,-1.0232,2020-02-27,0,0,0
Ghana,7.9465,-1.0232,2020-02-28,0,0,0
Ghana,7.9465,-1.0232,2020-02-29,0,0,0
Ghana,7.9465,-1.0232,2020-03-01,0,0,0
Ghana,7.9465,-1.0232,2020-03-02,0,0,0
Ghana,7.9465,-1.0232,2020-03-03,0,0,0
Ghana,7.9465,-1.0232,2020-03-04,0,0,0
Ghana,7.9465,-1.0232,2020-03-05,0,0,0
Ghana,7.9465,-1.0232,2020-03-06,0,0,0
Ghana,7.9465,-1.0232,2020-03-07,0,0,0
Ghana,7.9465,-1.0232,2020-03-08,0,0,0
Ghana,7.9465,-1.0232,2020-03-09,0,0,0
Ghana,7.9465,-1.0232,2020-03-10,0,0,0
Ghana,7.9465,-1.0232,2020-03-11,0,0,0
Ghana,7.9465,-1.0232,2020-03-12,0,0,0
Ghana,7.9465,-1.0232,2020-03-13,0,0,0
Ghana,7.9465,-1.0232,2020-03-14,3,0,0
Ghana,7.9465,-1.0232,2020-03-15,6,0,0
Ghana,7.9465,-1.0232,2020-03-16,6,0,0
Ghana,7.9465,-1.0232,2020-03-17,7,0,0
Ghana,7.9465,-1.0232,2020-03-18,7,0,0
Ghana,7.9465,-1.0232,2020-03-19,11,0,0
Ghana,7.9465,-1.0232,2020-03-20,16,0,0
Ghana,7.9465,-1.0232,2020-03-21,19,1,0
Ghana,7.9465,-1.0232,2020-03-22,23,1,0
Ghana,7.9465,-1.0232,2020-03-23,27,2,0
Ghana,7.9465,-1.0232,2020-03-24,53,2,0
Ghana,7.9465,-1.0232,2020-03-25,93,4,0
Ghana,7.9465,-1.0232,2020-03-26,132,4,1
Ghana,7.9465,-1.0232,2020-03-27,137,4,2
Ghana,7.9465,-1.0232,2020-03-28,141,5,2
Ghana,7.9465,-1.0232,2020-03-29,152,5,2
Ghana,7.9465,-1.0232,2020-03-30,152,5,2
Ghana,7.9465,-1.0232,2020-03-31,161,5,31
Ghana,7.9465,-1.0232,2020-04-01,195,5,31
Ghana,7.9465,-1.0232,2020-04-02,204,5,31
Ghana,7.9465,-1.0232,2020-04-03,205,5,31
Ghana,7.9465,-1.0232,2020-04-04,205,5,31
Ghana,7.9465,-1.0232,2020-04-05,214,5,31
Ghana,7.9465,-1.0232,2020-04-06,214,5,31
Ghana,7.9465,-1.0232,2020-04-07,287,5,31
Gambia,13.4432,-15.3101,2020-01-22,0,0,0
Gambia,13.4432,-15.3101,2020-01-23,0,0,0
Gambia,13.4432,-15.3101,2020-01-24,0,0,0
Gambia,13.4432,-15.3101,2020-01-25,0,0,0
Gambia,13.4432,-15.3101,2020-01-26,0,0,0
Gambia,13.4432,-15.3101,2020-01-27,0,0,0
Gambia,13.4432,-15.3101,2020-01-28,0,0,0
Gambia,13.4432,-15.3101,2020-01-29,0,0,0
Gambia,13.4432,-15.3101,2020-01-30,0,0,0
Gambia,13.4432,-15.3101,2020-01-31,0,0,0
Gambia,13.4432,-15.3101,2020-02-01,0,0,0
Gambia,13.4432,-15.3101,2020-02-02,0,0,0
Gambia,13.4432,-15.3101,2020-02-03,0,0,0
Gambia,13.4432,-15.3101,2020-02-04,0,0,0
Gambia,13.4432,-15.3101,2020-02-05,0,0,0
Gambia,13.4432,-15.3101,2020-02-06,0,0,0
Gambia,13.4432,-15.3101,2020-02-07,0,0,0
Gambia,13.4432,-15.3101,2020-02-08,0,0,0
Gambia,13.4432,-15.3101,2020-02-09,0,0,0
Gambia,13.4432,-15.3101,2020-02-10,0,0,0
Gambia,13.4432,-15.3101,2020-02-11,0,0,0
Gambia,13.4432,-15.3101,2020-02-12,0,0,0
Gambia,13.4432,-15.3101,2020-02-13,0,0,0
Gambia,13.4432,-15.3101,2020-02-14,0,0,0
Gambia,13.4432,-15.3101,2020-02-15,0,0,0
Gambia,13.4432,-15.3101,2020-02-16,0,0,0
Gambia,13.4432,-15.3101,2020-02-17,0,0,0
Gambia,13.4432,-15.3101,2020-02-18,0,0,0
Gambia,13.4432,-15.3101,2020-02-19,0,0,0
Gambia,13.4432,-15.3101,2020-02-20,0,0,0
Gambia,13.4432,-15.3101,2020-02-21,0,0,0
Gambia,13.4432,-15.3101,2020-02-22,0,0,0
Gambia,13.4432,-15.3101,2020-02-23,0,0,0
Gambia,13.4432,-15.3101,2020-02-24,0,0,0
Gambia,13.4432,-15.3101,2020-02-25,0,0,0
Gambia,13.4432,-15.3101,2020-02-26,0,0,0
Gambia,13.4432,-15.3101,2020-02-27,0,0,0
Gambia,13.4432,-15.3101,2020-02-28,0,0,0
Gambia,13.4432,-15.3101,2020-02-29,0,0,0
Gambia,13.4432,-15.3101,2020-03-01,0,0,0
Gambia,13.4432,-15.3101,2020-03-02,0,0,0
Gambia,13.4432,-15.3101,2020-03-03,0,0,0
Gambia,13.4432,-15.3101,2020-03-04,0,0,0
Gambia,13.4432,-15.3101,2020-03-05,0,0,0
Gambia,13.4432,-15.3101,2020-03-06,0,0,0
Gambia,13.4432,-15.3101,2020-03-07,0,0,0
Gambia,13.4432,-15.3101,2020-03-08,0,0,0
Gambia,13.4432,-15.3101,2020-03-09,0,0,0
Gambia,13.4432,-15.3101,2020-03-10,0,0,0
Gambia,13.4432,-15.3101,2020-03-11,0,0,0
Gambia,13.4432,-15.3101,2020-03-12,0,0,0
Gambia,13.4432,-15.3101,2020-03-13,0,0,0
Gambia,13.4432,-15.3101,2020-03-14,0,0,0
Gambia,13.4432,-15.3101,2020-03-15,0,0,0
Gambia,13.4432,-15.3101,2020-03-16,0,0,0
Gambia,13.4432,-15.3101,2020-03-17,1,0,0
Gambia,13.4432,-15.3101,2020-03-18,1,0,0
Gambia,13.4432,-15.3101,2020-03-19,1,0,0
Gambia,13.4432,-15.3101,2020-03-20,1,0,0
Gambia,13.4432,-15.3101,2020-03-21,1,0,0
Gambia,13.4432,-15.3101,2020-03-22,1,0,0
Gambia,13.4432,-15.3101,2020-03-23,2,1,0
Gambia,13.4432,-15.3101,2020-03-24,3,1,0
Gambia,13.4432,-15.3101,2020-03-25,3,1,0
Gambia,13.4432,-15.3101,2020-03-26,3,1,0
Gambia,13.4432,-15.3101,2020-03-27,3,1,0
Gambia,13.4432,-15.3101,2020-03-28,3,1,0
Gambia,13.4432,-15.3101,2020-03-29,4,1,0
Gambia,13.4432,-15.3101,2020-03-30,4,1,0
Gambia,13.4432,-15.3101,2020-03-31,4,1,0
Gambia,13.4432,-15.3101,2020-04-01,4,1,2
Gambia,13.4432,-15.3101,2020-04-02,4,1,2
Gambia,13.4432,-15.3101,2020-04-03,4,1,2
Gambia,13.4432,-15.3101,2020-04-04,4,1,2
Gambia,13.4432,-15.3101,2020-04-05,4,1,2
Gambia,13.4432,-15.3101,2020-04-06,4,1,2
Gambia,13.4432,-15.3101,2020-04-07,4,1,2
Guinea,9.9456,-9.6966,2020-01-22,0,0,0
Guinea,9.9456,-9.6966,2020-01-23,0,0,0
Guinea,9.9456,-9.6966,2020-01-24,0,0,0
Guinea,9.9456,-9.6966,2020-01-25,0,0,0
Guinea,9.9456,-9.6966,2020-01-26,0,0,0
Guinea,9.9456,-9.6966,2020-01-27,0,0,0
Guinea,9.9456,-9.6966,2020-01-28,0,0,0
Guinea,9.9456,-9.6966,2020-01-29,0,0,0
Guinea,9.9456,-9.6966,2020-01-30,0,0,0
Guinea,9.9456,-9.6966,2020-01-31,0,0,0
Guinea,9.9456,-9.6966,2020-02-01,0,0,0
Guinea,9.9456,-9.6966,2020-02-02,0,0,0
Guinea,9.9456,-9.6966,2020-02-03,0,0,0
Guinea,9.9456,-9.6966,2020-02-04,0,0,0
Guinea,9.9456,-9.6966,2020-02-05,0,0,0
Guinea,9.9456,-9.6966,2020-02-06,0,0,0
Guinea,9.9456,-9.6966,2020-02-07,0,0,0
Guinea,9.9456,-9.6966,2020-02-08,0,0,0
Guinea,9.9456,-9.6966,2020-02-09,0,0,0
Guinea,9.9456,-9.6966,2020-02-10,0,0,0
Guinea,9.9456,-9.6966,2020-02-11,0,0,0
Guinea,9.9456,-9.6966,2020-02-12,0,0,0
Guinea,9.9456,-9.6966,2020-02-13,0,0,0
Guinea,9.9456,-9.6966,2020-02-14,0,0,0
Guinea,9.9456,-9.6966,2020-02-15,0,0,0
Guinea,9.9456,-9.6966,2020-02-16,0,0,0
Guinea,9.9456,-9.6966,2020-02-17,0,0,0
Guinea,9.9456,-9.6966,2020-02-18,0,0,0
Guinea,9.9456,-9.6966,2020-02-19,0,0,0
Guinea,9.9456,-9.6966,2020-02-20,0,0,0
Guinea,9.9456,-9.6966,2020-02-21,0,0,0
Guinea,9.9456,-9.6966,2020-02-22,0,0,0
Guinea,9.9456,-9.6966,2020-02-23,0,0,0
Guinea,9.9456,-9.6966,2020-02-24,0,0,0
Guinea,9.9456,-9.6966,2020-02-25,0,0,0
Guinea,9.9456,-9.6966,2020-02-26,0,0,0
Guinea,9.9456,-9.6966,2020-02-27,0,0,0
Guinea,9.9456,-9.6966,2020-02-28,0,0,0
Guinea,9.9456,-9.6966,2020-02-29,0,0,0
Guinea,9.9456,-9.6966,2020-03-01,0,0,0
Guinea,9.9456,-9.6966,2020-03-02,0,0,0
Guinea,9.9456,-9.6966,2020-03-03,0,0,0
Guinea,9.9456,-9.6966,2020-03-04,0,0,0
Guinea,9.9456,-9.6966,2020-03-05,0,0,0
Guinea,9.9456,-9.6966,2020-03-06,0,0,0
Guinea,9.9456,-9.6966,2020-03-07,0,0,0
Guinea,9.9456,-9.6966,2020-03-08,0,0,0
Guinea,9.9456,-9.6966,2020-03-09,0,0,0
Guinea,9.9456,-9.6966,2020-03-10,0,0,0
Guinea,9.9456,-9.6966,2020-03-11,0,0,0
Guinea,9.9456,-9.6966,2020-03-12,0,0,0
Guinea,9.9456,-9.6966,2020-03-13,1,0,0
Guinea,9.9456,-9.6966,2020-03-14,1,0,0
Guinea,9.9456,-9.6966,2020-03-15,1,0,0
Guinea,9.9456,-9.6966,2020-03-16,1,0,0
Guinea,9.9456,-9.6966,2020-03-17,1,0,0
Guinea,9.9456,-9.6966,2020-03-18,1,0,0
Guinea,9.9456,-9.6966,2020-03-19,1,0,0
Guinea,9.9456,-9.6966,2020-03-20,1,0,0
Guinea,9.9456,-9.6966,2020-03-21,2,0,0
Guinea,9.9456,-9.6966,2020-03-22,2,0,0
Guinea,9.9456,-9.6966,2020-03-23,4,0,0
Guinea,9.9456,-9.6966,2020-03-24,4,0,0
Guinea,9.9456,-9.6966,2020-03-25,4,0,0
Guinea,9.9456,-9.6966,2020-03-26,4,0,0
Guinea,9.9456,-9.6966,2020-03-27,8,0,0
Guinea,9.9456,-9.6966,2020-03-28,8,0,0
Guinea,9.9456,-9.6966,2020-03-29,16,0,0
Guinea,9.9456,-9.6966,2020-03-30,22,0,0
Guinea,9.9456,-9.6966,2020-03-31,22,0,0
Guinea,9.9456,-9.6966,2020-04-01,30,0,0
Guinea,9.9456,-9.6966,2020-04-02,52,0,0
Guinea,9.9456,-9.6966,2020-04-03,73,0,2
Guinea,9.9456,-9.6966,2020-04-04,111,0,5
Guinea,9.9456,-9.6966,2020-04-05,121,0,5
Guinea,9.9456,-9.6966,2020-04-06,128,0,5
Guinea,9.9456,-9.6966,2020-04-07,144,0,5
Guinea-Bissau,11.8037,-15.1804,2020-01-22,0,0,0
Guinea-Bissau,11.8037,-15.1804,2020-01-23,0,0,0
Guinea-Bissau,11.8037,-15.1804,2020-01-24,0,0,0
Guinea-Bissau,11.8037,-15.1804,2020-01-25,0,0,0
Guinea-Bissau,11.8037,-15.1804,2020-01-26,0,0,0
Guinea-Bissau,11.8037,-15.1804,2020-01-27,0,0,0
Guinea-Bissau,11.8037,-15.1804,2020-01-28,0,0,0
Guinea-Bissau,11.8037,-15.1804,2020-01-29,0,0,0
Guinea-Bissau,11.8037,-15.1804,2020-01-30,0,0,0
Guinea-Bissau,11.8037,-15.1804,2020-01-31,0,0,0
Guinea-Bissau,11.8037,-15.1804,2020-02-01,0,0,0
Guinea-Bissau,11.8037,-15.1804,2020-02-02,0,0,0
Guinea-Bissau,11.8037,-15.1804,2020-02-03,0,0,0
Guinea-Bissau,11.8037,-15.1804,2020-02-04,0,0,0
Guinea-Bissau,11.8037,-15.1804,2020-02-05,0,0,0
Guinea-Bissau,11.8037,-15.1804,2020-02-06,0,0,0
Guinea-Bissau,11.8037,-15.1804,2020-02-07,0,0,0
Guinea-Bissau,11.8037,-15.1804,2020-02-08,0,0,0
Guinea-Bissau,11.8037,-15.1804,2020-02-09,0,0,0
Guinea-Bissau,11.8037,-15.1804,2020-02-10,0,0,0
Guinea-Bissau,11.8037,-15.1804,2020-02-11,0,0,0
Guinea-Bissau,11.8037,-15.1804,2020-02-12,0,0,0
Guinea-Bissau,11.8037,-15.1804,2020-02-13,0,0,0
Guinea-Bissau,11.8037,-15.1804,2020-02-14,0,0,0
Guinea-Bissau,11.8037,-15.1804,2020-02-15,0,0,0
Guinea-Bissau,11.8037,-15.1804,2020-02-16,0,0,0
Guinea-Bissau,11.8037,-15.1804,2020-02-17,0,0,0
Guinea-Bissau,11.8037,-15.1804,2020-02-18,0,0,0
Guinea-Bissau,11.8037,-15.1804,2020-02-19,0,0,0
Guinea-Bissau,11.8037,-15.1804,2020-02-20,0,0,0
Guinea-Bissau,11.8037,-15.1804,2020-02-21,0,0,0
Guinea-Bissau,11.8037,-15.1804,2020-02-22,0,0,0
Guinea-Bissau,11.8037,-15.1804,2020-02-23,0,0,0
Guinea-Bissau,11.8037,-15.1804,2020-02-24,0,0,0
Guinea-Bissau,11.8037,-15.1804,2020-02-25,0,0,0
Guinea-Bissau,11.8037,-15.1804,2020-02-26,0,0,0
Guinea-Bissau,11.8037,-15.1804,2020-02-27,0,0,0
Guinea-Bissau,11.8037,-15.1804,2020-02-28,0,0,0
Guinea-Bissau,11.8037,-15.1804,2020-02-29,0,0,0
Guinea-Bissau,11.8037,-15.1804,2020-03-01,0,0,0
Guinea-Bissau,11.8037,-15.1804,2020-03-02,0,0,0
Guinea-Bissau,11.8037,-15.1804,2020-03-03,0,0,0
Guinea-Bissau,11.8037,-15.1804,2020-03-04,0,0,0
Guinea-Bissau,11.8037,-15.1804,2020-03-05,0,0,0
Guinea-Bissau,11.8037,-15.1804,2020-03-06,0,0,0
Guinea-Bissau,11.8037,-15.1804,2020-03-07,0,0,0
Guinea-Bissau,11.8037,-15.1804,2020-03-08,0,0,0
Guinea-Bissau,11.8037,-15.1804,2020-03-09,0,0,0
Guinea-Bissau,11.8037,-15.1804,2020-03-10,0,0,0
Guinea-Bissau,11.8037,-15.1804,2020-03-11,0,0,0
Guinea-Bissau,11.8037,-15.1804,2020-03-12,0,0,0
Guinea-Bissau,11.8037,-15.1804,2020-03-13,0,0,0
Guinea-Bissau,11.8037,-15.1804,2020-03-14,0,0,0
Guinea-Bissau,11.8037,-15.1804,2020-03-15,0,0,0
Guinea-Bissau,11.8037,-15.1804,2020-03-16,0,0,0
Guinea-Bissau,11.8037,-15.1804,2020-03-17,0,0,0
Guinea-Bissau,11.8037,-15.1804,2020-03-18,0,0,0
Guinea-Bissau,11.8037,-15.1804,2020-03-19,0,0,0
Guinea-Bissau,11.8037,-15.1804,2020-03-20,0,0,0
Guinea-Bissau,11.8037,-15.1804,2020-03-21,0,0,0
Guinea-Bissau,11.8037,-15.1804,2020-03-22,0,0,0
Guinea-Bissau,11.8037,-15.1804,2020-03-23,0,0,0
Guinea-Bissau,11.8037,-15.1804,2020-03-24,0,0,0
Guinea-Bissau,11.8037,-15.1804,2020-03-25,2,0,0
Guinea-Bissau,11.8037,-15.1804,2020-03-26,2,0,0
Guinea-Bissau,11.8037,-15.1804,2020-03-27,2,0,0
Guinea-Bissau,11.8037,-15.1804,2020-03-28,2,0,0
Guinea-Bissau,11.8037,-15.1804,2020-03-29,2,0,0
Guinea-Bissau,11.8037,-15.1804,2020-03-30,8,0,0
Guinea-Bissau,11.8037,-15.1804,2020-03-31,8,0,0
Guinea-Bissau,11.8037,-15.1804,2020-04-01,9,0,0
Guinea-Bissau,11.8037,-15.1804,2020-04-02,9,0,0
Guinea-Bissau,11.8037,-15.1804,2020-04-03,15,0,0
Guinea-Bissau,11.8037,-15.1804,2020-04-04,18,0,0
Guinea-Bissau,11.8037,-15.1804,2020-04-05,18,0,0
Guinea-Bissau,11.8037,-15.1804,2020-04-06,18,0,0
Guinea-Bissau,11.8037,-15.1804,2020-04-07,33,0,0
Liberia,6.4281,-9.4295,2020-01-22,0,0,0
Liberia,6.4281,-9.4295,2020-01-23,0,0,0
Liberia,6.4281,-9.4295,2020-01-24,0,0,0
Liberia,6.4281,-9.4295,2020-01-25,0,0,0
Liberia,6.4281,-9.4295,2020-01-26,0,0,0
Liberia,6.4281,-9.4295,2020-01-27,0,0,0
Liberia,6.4281,-9.4295,2020-01-28,0,0,0
Liberia,6.4281,-9.4295,2020-01-29,0,0,0
Liberia,6.4281,-9.4295,2020-01-30,0,0,0
Liberia,6.4281,-9.4295,2020-01-31,0,0,0
Liberia,6.4281,-9.4295,2020-02-01,0,0,0
Liberia,6.4281,-9.4295,2020-02-02,0,0,0
Liberia,6.4281,-9.4295,2020-02-03,0,0,0
Liberia,6.4281,-9.4295,2020-02-04,0,0,0
Liberia,6.4281,-9.4295,2020-02-05,0,0,0
Liberia,6.4281,-9.4295,2020-02-06,0,0,0
Liberia,6.4281,-9.4295,2020-02-07,0,0,0
Liberia,6.4281,-9.4295,2020-02-08,0,0,0
Liberia,6.4281,-9.4295,2020-02-09,0,0,0
Liberia,6.4281,-9.4295,2020-02-10,0,0,0
Liberia,6.4281,-9.4295,2020-02-11,0,0,0
Liberia,6.4281,-9.4295,2020-02-12,0,0,0
Liberia,6.4281,-9.4295,2020-02-13,0,0,0
Liberia,6.4281,-9.4295,2020-02-14,0,0,0
Liberia,6.4281,-9.4295,2020-02-15,0,0,0
Liberia,6.4281,-9.4295,2020-02-16,0,0,0
Liberia,6.4281,-9.4295,2020-02-17,0,0,0
Liberia,6.4281,-9.4295,2020-02-18,0,0,0
Liberia,6.4281,-9.4295,2020-02-19,0,0,0
Liberia,6.4281,-9.4295,2020-02-20,0,0,0
Liberia,6.4281,-9.4295,2020-02-21,0,0,0
Liberia,6.4281,-9.4295,2020-02-22,0,0,0
Liberia,6.4281,-9.4295,2020-02-23,0,0,0
Liberia,6.4281,-9.4295,2020-02-24,0,0,0
Liberia,6.4281,-9.4295,2020-02-25,0,0,0
Liberia,6.4281,-9.4295,2020-02-26,0,0,0
Liberia,6.4281,-9.4295,2020-02-27,0,0,0
Liberia,6.4281,-9.4295,2020-02-28,0,0,0
Liberia,6.4281,-9.4295,2020-02-29,0,0,0
Liberia,6.4281,-9.4295,2020-03-01,0,0,0
Liberia,6.4281,-9.4295,2020-03-02,0,0,0
Liberia,6.4281,-9.4295,2020-03-03,0,0,0
Liberia,6.4281,-9.4295,2020-03-04,0,0,0
Liberia,6.4281,-9.4295,2020-03-05,0,0,0
Liberia,6.4281,-9.4295,2020-03-06,0,0,0
Liberia,6.4281,-9.4295,2020-03-07,0,0,0
Liberia,6.4281,-9.4295,2020-03-08,0,0,0
Liberia,6.4281,-9.4295,2020-03-09,0,0,0
Liberia,6.4281,-9.4295,2020-03-10,0,0,0
Liberia,6.4281,-9.4295,2020-03-11,0,0,0
Liberia,6.4281,-9.4295,2020-03-12,0,0,0
Liberia,6.4281,-9.4295,2020-03-13,0,0,0
Liberia,6.4281,-9.4295,2020-03-14,0,0,0
Liberia,6.4281,-9.4295,2020-03-15,0,0,0
Liberia,6.4281,-9.4295,2020-03-16,1,0,0
Liberia,6.4281,-9.4295,2020-03-17,1,0,0
Liberia,6.4281,-9.4295,2020-03-18,2,0,0
Liberia,6.4281,-9.4295,2020-03-19,2,0,0
Liberia,6.4281,-9.4295,2020-03-20,2,0,0
Liberia,6.4281,-9.4295,2020-03-21,3,0,0
Liberia,6.4281,-9.4295,2020-03-22,3,0,0
Liberia,6.4281,-9.4295,2020-03-23,3,0,0
Liberia,6.4281,-9.4295,2020-03-24,3,0,0
Liberia,6.4281,-9.4295,2020-03-25,3,0,0
Liberia,6.4281,-9.4295,2020-03-26,3,0,0
Liberia,6.4281,-9.4295,2020-03-27,3,0,0
Liberia,6.4281,-9.4295,2020-03-28,3,0,0
Liberia,6.4281,-9.4295,2020-03-29,3,0,0
Liberia,6.4281,-9.4295,2020-03-30,3,0,0
Liberia,6.4281,-9.4295,2020-03-31,3,0,0
Liberia,6.4281,-9.4295,2020-04-01,6,0,0
Liberia,6.4281,-9.4295,2020-04-02,6,0,0
Liberia,6.4281,-9.4295,2020-04-03,7,0,0
Liberia,6.4281,-9.4295,2020-04-04,10,1,3
Liberia,6.4281,-9.4295,2020-04-05,13,3,3
Liberia,6.4281,-9.4295,2020-04-06,14,3,3
Liberia,6.4281,-9.4295,2020-04-07,14,3,3
Mali,17.570692,-3.996166000000001,2020-01-22,0,0,0
Mali,17.570692,-3.996166000000001,2020-01-23,0,0,0
Mali,17.570692,-3.996166000000001,2020-01-24,0,0,0
Mali,17.570692,-3.996166000000001,2020-01-25,0,0,0
Mali,17.570692,-3.996166000000001,2020-01-26,0,0,0
Mali,17.570692,-3.996166000000001,2020-01-27,0,0,0
Mali,17.570692,-3.996166000000001,2020-01-28,0,0,0
Mali,17.570692,-3.996166000000001,2020-01-29,0,0,0
Mali,17.570692,-3.996166000000001,2020-01-30,0,0,0
Mali,17.570692,-3.996166000000001,2020-01-31,0,0,0
Mali,17.570692,-3.996166000000001,2020-02-01,0,0,0
Mali,17.570692,-3.996166000000001,2020-02-02,0,0,0
Mali,17.570692,-3.996166000000001,2020-02-03,0,0,0
Mali,17.570692,-3.996166000000001,2020-02-04,0,0,0
Mali,17.570692,-3.996166000000001,2020-02-05,0,0,0
Mali,17.570692,-3.996166000000001,2020-02-06,0,0,0
Mali,17.570692,-3.996166000000001,2020-02-07,0,0,0
Mali,17.570692,-3.996166000000001,2020-02-08,0,0,0
Mali,17.570692,-3.996166000000001,2020-02-09,0,0,0
Mali,17.570692,-3.996166000000001,2020-02-10,0,0,0
Mali,17.570692,-3.996166000000001,2020-02-11,0,0,0
Mali,17.570692,-3.996166000000001,2020-02-12,0,0,0
Mali,17.570692,-3.996166000000001,2020-02-13,0,0,0
Mali,17.570692,-3.996166000000001,2020-02-14,0,0,0
Mali,17.570692,-3.996166000000001,2020-02-15,0,0,0
Mali,17.570692,-3.996166000000001,2020-02-16,0,0,0
Mali,17.570692,-3.996166000000001,2020-02-17,0,0,0
Mali,17.570692,-3.996166000000001,2020-02-18,0,0,0
Mali,17.570692,-3.996166000000001,2020-02-19,0,0,0
Mali,17.570692,-3.996166000000001,2020-02-20,0,0,0
Mali,17.570692,-3.996166000000001,2020-02-21,0,0,0
Mali,17.570692,-3.996166000000001,2020-02-22,0,0,0
Mali,17.570692,-3.996166000000001,2020-02-23,0,0,0
Mali,17.570692,-3.996166000000001,2020-02-24,0,0,0
Mali,17.570692,-3.996166000000001,2020-02-25,0,0,0
Mali,17.570692,-3.996166000000001,2020-02-26,0,0,0
Mali,17.570692,-3.996166000000001,2020-02-27,0,0,0
Mali,17.570692,-3.996166000000001,2020-02-28,0,0,0
Mali,17.570692,-3.996166000000001,2020-02-29,0,0,0
Mali,17.570692,-3.996166000000001,2020-03-01,0,0,0
Mali,17.570692,-3.996166000000001,2020-03-02,0,0,0
Mali,17.570692,-3.996166000000001,2020-03-03,0,0,0
Mali,17.570692,-3.996166000000001,2020-03-04,0,0,0
Mali,17.570692,-3.996166000000001,2020-03-05,0,0,0
Mali,17.570692,-3.996166000000001,2020-03-06,0,0,0
Mali,17.570692,-3.996166000000001,2020-03-07,0,0,0
Mali,17.570692,-3.996166000000001,2020-03-08,0,0,0
Mali,17.570692,-3.996166000000001,2020-03-09,0,0,0
Mali,17.570692,-3.996166000000001,2020-03-10,0,0,0
Mali,17.570692,-3.996166000000001,2020-03-11,0,0,0
Mali,17.570692,-3.996166000000001,2020-03-12,0,0,0
Mali,17.570692,-3.996166000000001,2020-03-13,0,0,0
Mali,17.570692,-3.996166000000001,2020-03-14,0,0,0
Mali,17.570692,-3.996166000000001,2020-03-15,0,0,0
Mali,17.570692,-3.996166000000001,2020-03-16,0,0,0
Mali,17.570692,-3.996166000000001,2020-03-17,0,0,0
Mali,17.570692,-3.996166000000001,2020-03-18,0,0,0
Mali,17.570692,-3.996166000000001,2020-03-19,0,0,0
Mali,17.570692,-3.996166000000001,2020-03-20,0,0,0
Mali,17.570692,-3.996166000000001,2020-03-21,0,0,0
Mali,17.570692,-3.996166000000001,2020-03-22,0,0,0
Mali,17.570692,-3.996166000000001,2020-03-23,0,0,0
Mali,17.570692,-3.996166000000001,2020-03-24,0,0,0
Mali,17.570692,-3.996166000000001,2020-03-25,2,0,0
Mali,17.570692,-3.996166000000001,2020-03-26,4,0,0
Mali,17.570692,-3.996166000000001,2020-03-27,11,0,0
Mali,17.570692,-3.996166000000001,2020-03-28,18,0,0
Mali,17.570692,-3.996166000000001,2020-03-29,18,1,0
Mali,17.570692,-3.996166000000001,2020-03-30,25,2,0
Mali,17.570692,-3.996166000000001,2020-03-31,28,2,0
Mali,17.570692,-3.996166000000001,2020-04-01,31,3,0
Mali,17.570692,-3.996166000000001,2020-04-02,36,3,0
Mali,17.570692,-3.996166000000001,2020-04-03,39,3,0
Mali,17.570692,-3.996166000000001,2020-04-04,41,3,1
Mali,17.570692,-3.996166000000001,2020-04-05,45,5,1
Mali,17.570692,-3.996166000000001,2020-04-06,47,5,9
Mali,17.570692,-3.996166000000001,2020-04-07,56,5,12
Niger,17.6078,8.0817,2020-01-22,0,0,0
Niger,17.6078,8.0817,2020-01-23,0,0,0
Niger,17.6078,8.0817,2020-01-24,0,0,0
Niger,17.6078,8.0817,2020-01-25,0,0,0
Niger,17.6078,8.0817,2020-01-26,0,0,0
Niger,17.6078,8.0817,2020-01-27,0,0,0
Niger,17.6078,8.0817,2020-01-28,0,0,0
Niger,17.6078,8.0817,2020-01-29,0,0,0
Niger,17.6078,8.0817,2020-01-30,0,0,0
Niger,17.6078,8.0817,2020-01-31,0,0,0
Niger,17.6078,8.0817,2020-02-01,0,0,0
Niger,17.6078,8.0817,2020-02-02,0,0,0
Niger,17.6078,8.0817,2020-02-03,0,0,0
Niger,17.6078,8.0817,2020-02-04,0,0,0
Niger,17.6078,8.0817,2020-02-05,0,0,0
Niger,17.6078,8.0817,2020-02-06,0,0,0
Niger,17.6078,8.0817,2020-02-07,0,0,0
Niger,17.6078,8.0817,2020-02-08,0,0,0
Niger,17.6078,8.0817,2020-02-09,0,0,0
Niger,17.6078,8.0817,2020-02-10,0,0,0
Niger,17.6078,8.0817,2020-02-11,0,0,0
Niger,17.6078,8.0817,2020-02-12,0,0,0
Niger,17.6078,8.0817,2020-02-13,0,0,0
Niger,17.6078,8.0817,2020-02-14,0,0,0
Niger,17.6078,8.0817,2020-02-15,0,0,0
Niger,17.6078,8.0817,2020-02-16,0,0,0
Niger,17.6078,8.0817,2020-02-17,0,0,0
Niger,17.6078,8.0817,2020-02-18,0,0,0
Niger,17.6078,8.0817,2020-02-19,0,0,0
Niger,17.6078,8.0817,2020-02-20,0,0,0
Niger,17.6078,8.0817,2020-02-21,0,0,0
Niger,17.6078,8.0817,2020-02-22,0,0,0
Niger,17.6078,8.0817,2020-02-23,0,0,0
Niger,17.6078,8.0817,2020-02-24,0,0,0
Niger,17.6078,8.0817,2020-02-25,0,0,0
Niger,17.6078,8.0817,2020-02-26,0,0,0
Niger,17.6078,8.0817,2020-02-27,0,0,0
Niger,17.6078,8.0817,2020-02-28,0,0,0
Niger,17.6078,8.0817,2020-02-29,0,0,0
Niger,17.6078,8.0817,2020-03-01,0,0,0
Niger,17.6078,8.0817,2020-03-02,0,0,0
Niger,17.6078,8.0817,2020-03-03,0,0,0
Niger,17.6078,8.0817,2020-03-04,0,0,0
Niger,17.6078,8.0817,2020-03-05,0,0,0
Niger,17.6078,8.0817,2020-03-06,0,0,0
Niger,17.6078,8.0817,2020-03-07,0,0,0
Niger,17.6078,8.0817,2020-03-08,0,0,0
Niger,17.6078,8.0817,2020-03-09,0,0,0
Niger,17.6078,8.0817,2020-03-10,0,0,0
Niger,17.6078,8.0817,2020-03-11,0,0,0
Niger,17.6078,8.0817,2020-03-12,0,0,0
Niger,17.6078,8.0817,2020-03-13,0,0,0
Niger,17.6078,8.0817,2020-03-14,0,0,0
Niger,17.6078,8.0817,2020-03-15,0,0,0
Niger,17.6078,8.0817,2020-03-16,0,0,0
Niger,17.6078,8.0817,2020-03-17,0,0,0
Niger,17.6078,8.0817,2020-03-18,0,0,0
Niger,17.6078,8.0817,2020-03-19,0,0,0
Niger,17.6078,8.0817,2020-03-20,1,0,0
Niger,17.6078,8.0817,2020-03-21,1,0,0
Niger,17.6078,8.0817,2020-03-22,2,0,0
Niger,17.6078,8.0817,2020-03-23,3,0,0
Niger,17.6078,8.0817,2020-03-24,3,0,0
Niger,17.6078,8.0817,2020-03-25,7,1,0
Niger,17.6078,8.0817,2020-03-26,10,1,0
Niger,17.6078,8.0817,2020-03-27,10,1,0
Niger,17.6078,8.0817,2020-03-28,10,1,0
Niger,17.6078,8.0817,2020-03-29,18,1,0
Niger,17.6078,8.0817,2020-03-30,27,3,0
Niger,17.6078,8.0817,2020-03-31,27,3,0
Niger,17.6078,8.0817,2020-04-01,74,5,0
Niger,17.6078,8.0817,2020-04-02,98,5,0
Niger,17.6078,8.0817,2020-04-03,120,5,0
Niger,17.6078,8.0817,2020-04-04,144,8,0
Niger,17.6078,8.0817,2020-04-05,184,10,13
Niger,17.6078,8.0817,2020-04-06,253,10,26
Niger,17.6078,8.0817,2020-04-07,278,11,26
Nigeria,9.082,8.6753,2020-01-22,0,0,0
Nigeria,9.082,8.6753,2020-01-23,0,0,0
Nigeria,9.082,8.6753,2020-01-24,0,0,0
Nigeria,9.082,8.6753,2020-01-25,0,0,0
Nigeria,9.082,8.6753,2020-01-26,0,0,0
Nigeria,9.082,8.6753,2020-01-27,0,0,0
Nigeria,9.082,8.6753,2020-01-28,0,0,0
Nigeria,9.082,8.6753,2020-01-29,0,0,0
Nigeria,9.082,8.6753,2020-01-30,0,0,0
Nigeria,9.082,8.6753,2020-01-31,0,0,0
Nigeria,9.082,8.6753,2020-02-01,0,0,0
Nigeria,9.082,8.6753,2020-02-02,0,0,0
Nigeria,9.082,8.6753,2020-02-03,0,0,0
Nigeria,9.082,8.6753,2020-02-04,0,0,0
Nigeria,9.082,8.6753,2020-02-05,0,0,0
Nigeria,9.082,8.6753,2020-02-06,0,0,0
Nigeria,9.082,8.6753,2020-02-07,0,0,0
Nigeria,9.082,8.6753,2020-02-08,0,0,0
Nigeria,9.082,8.6753,2020-02-09,0,0,0
Nigeria,9.082,8.6753,2020-02-10,0,0,0
Nigeria,9.082,8.6753,2020-02-11,0,0,0
Nigeria,9.082,8.6753,2020-02-12,0,0,0
Nigeria,9.082,8.6753,2020-02-13,0,0,0
Nigeria,9.082,8.6753,2020-02-14,0,0,0
Nigeria,9.082,8.6753,2020-02-15,0,0,0
Nigeria,9.082,8.6753,2020-02-16,0,0,0
Nigeria,9.082,8.6753,2020-02-17,0,0,0
Nigeria,9.082,8.6753,2020-02-18,0,0,0
Nigeria,9.082,8.6753,2020-02-19,0,0,0
Nigeria,9.082,8.6753,2020-02-20,0,0,0
Nigeria,9.082,8.6753,2020-02-21,0,0,0
Nigeria,9.082,8.6753,2020-02-22,0,0,0
Nigeria,9.082,8.6753,2020-02-23,0,0,0
Nigeria,9.082,8.6753,2020-02-24,0,0,0
Nigeria,9.082,8.6753,2020-02-25,0,0,0
Nigeria,9.082,8.6753,2020-02-26,0,0,0
Nigeria,9.082,8.6753,2020-02-27,0,0,0
Nigeria,9.082,8.6753,2020-02-28,1,0,0
Nigeria,9.082,8.6753,2020-02-29,1,0,0
Nigeria,9.082,8.6753,2020-03-01,1,0,0
Nigeria,9.082,8.6753,2020-03-02,1,0,0
Nigeria,9.082,8.6753,2020-03-03,1,0,0
Nigeria,9.082,8.6753,2020-03-04,1,0,0
Nigeria,9.082,8.6753,2020-03-05,1,0,0
Nigeria,9.082,8.6753,2020-03-06,1,0,0
Nigeria,9.082,8.6753,2020-03-07,1,0,0
Nigeria,9.082,8.6753,2020-03-08,1,0,0
Nigeria,9.082,8.6753,2020-03-09,2,0,0
Nigeria,9.082,8.6753,2020-03-10,2,0,0
Nigeria,9.082,8.6753,2020-03-11,2,0,0
Nigeria,9.082,8.6753,2020-03-12,2,0,0
Nigeria,9.082,8.6753,2020-03-13,2,0,0
Nigeria,9.082,8.6753,2020-03-14,2,0,0
Nigeria,9.082,8.6753,2020-03-15,2,0,0
Nigeria,9.082,8.6753,2020-03-16,2,0,0
Nigeria,9.082,8.6753,2020-03-17,3,0,0
Nigeria,9.082,8.6753,2020-03-18,8,0,1
Nigeria,9.082,8.6753,2020-03-19,8,0,1
Nigeria,9.082,8.6753,2020-03-20,12,0,1
Nigeria,9.082,8.6753,2020-03-21,22,0,1
Nigeria,9.082,8.6753,2020-03-22,30,0,2
Nigeria,9.082,8.6753,2020-03-23,40,1,2
Nigeria,9.082,8.6753,2020-03-24,44,1,2
Nigeria,9.082,8.6753,2020-03-25,51,1,2
Nigeria,9.082,8.6753,2020-03-26,65,1,2
Nigeria,9.082,8.6753,2020-03-27,70,1,3
Nigeria,9.082,8.6753,2020-03-28,89,1,3
Nigeria,9.082,8.6753,2020-03-29,111,1,3
Nigeria,9.082,8.6753,2020-03-30,131,2,8
Nigeria,9.082,8.6753,2020-03-31,135,2,8
Nigeria,9.082,8.6753,2020-04-01,174,2,9
Nigeria,9.082,8.6753,2020-04-02,184,2,20
Nigeria,9.082,8.6753,2020-04-03,210,4,25
Nigeria,9.082,8.6753,2020-04-04,214,4,25
Nigeria,9.082,8.6753,2020-04-05,232,5,33
Nigeria,9.082,8.6753,2020-04-06,238,5,35
Nigeria,9.082,8.6753,2020-04-07,254,6,44
Sierra Leone,8.460555000000001,-11.779889,2020-01-22,0,0,0
Sierra Leone,8.460555000000001,-11.779889,2020-01-23,0,0,0
Sierra Leone,8.460555000000001,-11.779889,2020-01-24,0,0,0
Sierra Leone,8.460555000000001,-11.779889,2020-01-25,0,0,0
Sierra Leone,8.460555000000001,-11.779889,2020-01-26,0,0,0
Sierra Leone,8.460555000000001,-11.779889,2020-01-27,0,0,0
Sierra Leone,8.460555000000001,-11.779889,2020-01-28,0,0,0
Sierra Leone,8.460555000000001,-11.779889,2020-01-29,0,0,0
Sierra Leone,8.460555000000001,-11.779889,2020-01-30,0,0,0
Sierra Leone,8.460555000000001,-11.779889,2020-01-31,0,0,0
Sierra Leone,8.460555000000001,-11.779889,2020-02-01,0,0,0
Sierra Leone,8.460555000000001,-11.779889,2020-02-02,0,0,0
Sierra Leone,8.460555000000001,-11.779889,2020-02-03,0,0,0
Sierra Leone,8.460555000000001,-11.779889,2020-02-04,0,0,0
Sierra Leone,8.460555000000001,-11.779889,2020-02-05,0,0,0
Sierra Leone,8.460555000000001,-11.779889,2020-02-06,0,0,0
Sierra Leone,8.460555000000001,-11.779889,2020-02-07,0,0,0
Sierra Leone,8.460555000000001,-11.779889,2020-02-08,0,0,0
Sierra Leone,8.460555000000001,-11.779889,2020-02-09,0,0,0
Sierra Leone,8.460555000000001,-11.779889,2020-02-10,0,0,0
Sierra Leone,8.460555000000001,-11.779889,2020-02-11,0,0,0
Sierra Leone,8.460555000000001,-11.779889,2020-02-12,0,0,0
Sierra Leone,8.460555000000001,-11.779889,2020-02-13,0,0,0
Sierra Leone,8.460555000000001,-11.779889,2020-02-14,0,0,0
Sierra Leone,8.460555000000001,-11.779889,2020-02-15,0,0,0
Sierra Leone,8.460555000000001,-11.779889,2020-02-16,0,0,0
Sierra Leone,8.460555000000001,-11.779889,2020-02-17,0,0,0
Sierra Leone,8.460555000000001,-11.779889,2020-02-18,0,0,0
Sierra Leone,8.460555000000001,-11.779889,2020-02-19,0,0,0
Sierra Leone,8.460555000000001,-11.779889,2020-02-20,0,0,0
Sierra Leone,8.460555000000001,-11.779889,2020-02-21,0,0,0
Sierra Leone,8.460555000000001,-11.779889,2020-02-22,0,0,0
Sierra Leone,8.460555000000001,-11.779889,2020-02-23,0,0,0
Sierra Leone,8.460555000000001,-11.779889,2020-02-24,0,0,0
Sierra Leone,8.460555000000001,-11.779889,2020-02-25,0,0,0
Sierra Leone,8.460555000000001,-11.779889,2020-02-26,0,0,0
Sierra Leone,8.460555000000001,-11.779889,2020-02-27,0,0,0
Sierra Leone,8.460555000000001,-11.779889,2020-02-28,0,0,0
Sierra Leone,8.460555000000001,-11.779889,2020-02-29,0,0,0
Sierra Leone,8.460555000000001,-11.779889,2020-03-01,0,0,0
Sierra Leone,8.460555000000001,-11.779889,2020-03-02,0,0,0
Sierra Leone,8.460555000000001,-11.779889,2020-03-03,0,0,0
Sierra Leone,8.460555000000001,-11.779889,2020-03-04,0,0,0
Sierra Leone,8.460555000000001,-11.779889,2020-03-05,0,0,0
Sierra Leone,8.460555000000001,-11.779889,2020-03-06,0,0,0
Sierra Leone,8.460555000000001,-11.779889,2020-03-07,0,0,0
Sierra Leone,8.460555000000001,-11.779889,2020-03-08,0,0,0
Sierra Leone,8.460555000000001,-11.779889,2020-03-09,0,0,0
Sierra Leone,8.460555000000001,-11.779889,2020-03-10,0,0,0
Sierra Leone,8.460555000000001,-11.779889,2020-03-11,0,0,0
Sierra Leone,8.460555000000001,-11.779889,2020-03-12,0,0,0
Sierra Leone,8.460555000000001,-11.779889,2020-03-13,0,0,0
Sierra Leone,8.460555000000001,-11.779889,2020-03-14,0,0,0
Sierra Leone,8.460555000000001,-11.779889,2020-03-15,0,0,0
Sierra Leone,8.460555000000001,-11.779889,2020-03-16,0,0,0
Sierra Leone,8.460555000000001,-11.779889,2020-03-17,0,0,0
Sierra Leone,8.460555000000001,-11.779889,2020-03-18,0,0,0
Sierra Leone,8.460555000000001,-11.779889,2020-03-19,0,0,0
Sierra Leone,8.460555000000001,-11.779889,2020-03-20,0,0,0
Sierra Leone,8.460555000000001,-11.779889,2020-03-21,0,0,0
Sierra Leone,8.460555000000001,-11.779889,2020-03-22,0,0,0
Sierra Leone,8.460555000000001,-11.779889,2020-03-23,0,0,0
Sierra Leone,8.460555000000001,-11.779889,2020-03-24,0,0,0
Sierra Leone,8.460555000000001,-11.779889,2020-03-25,0,0,0
Sierra Leone,8.460555000000001,-11.779889,2020-03-26,0,0,0
Sierra Leone,8.460555000000001,-11.779889,2020-03-27,0,0,0
Sierra Leone,8.460555000000001,-11.779889,2020-03-28,0,0,0
Sierra Leone,8.460555000000001,-11.779889,2020-03-29,0,0,0
Sierra Leone,8.460555000000001,-11.779889,2020-03-30,0,0,0
Sierra Leone,8.460555000000001,-11.779889,2020-03-31,1,0,0
Sierra Leone,8.460555000000001,-11.779889,2020-04-01,2,0,0
Sierra Leone,8.460555000000001,-11.779889,2020-04-02,2,0,0
Sierra Leone,8.460555000000001,-11.779889,2020-04-03,2,0,0
Sierra Leone,8.460555000000001,-11.779889,2020-04-04,4,0,0
Sierra Leone,8.460555000000001,-11.779889,2020-04-05,6,0,0
Sierra Leone,8.460555000000001,-11.779889,2020-04-06,6,0,0
Sierra Leone,8.460555000000001,-11.779889,2020-04-07,6,0,0
Senegal,14.4974,-14.4524,2020-01-22,0,0,0
Senegal,14.4974,-14.4524,2020-01-23,0,0,0
Senegal,14.4974,-14.4524,2020-01-24,0,0,0
Senegal,14.4974,-14.4524,2020-01-25,0,0,0
Senegal,14.4974,-14.4524,2020-01-26,0,0,0
Senegal,14.4974,-14.4524,2020-01-27,0,0,0
Senegal,14.4974,-14.4524,2020-01-28,0,0,0
Senegal,14.4974,-14.4524,2020-01-29,0,0,0
Senegal,14.4974,-14.4524,2020-01-30,0,0,0
Senegal,14.4974,-14.4524,2020-01-31,0,0,0
Senegal,14.4974,-14.4524,2020-02-01,0,0,0
Senegal,14.4974,-14.4524,2020-02-02,0,0,0
Senegal,14.4974,-14.4524,2020-02-03,0,0,0
Senegal,14.4974,-14.4524,2020-02-04,0,0,0
Senegal,14.4974,-14.4524,2020-02-05,0,0,0
Senegal,14.4974,-14.4524,2020-02-06,0,0,0
Senegal,14.4974,-14.4524,2020-02-07,0,0,0
Senegal,14.4974,-14.4524,2020-02-08,0,0,0
Senegal,14.4974,-14.4524,2020-02-09,0,0,0
Senegal,14.4974,-14.4524,2020-02-10,0,0,0
Senegal,14.4974,-14.4524,2020-02-11,0,0,0
Senegal,14.4974,-14.4524,2020-02-12,0,0,0
Senegal,14.4974,-14.4524,2020-02-13,0,0,0
Senegal,14.4974,-14.4524,2020-02-14,0,0,0
Senegal,14.4974,-14.4524,2020-02-15,0,0,0
Senegal,14.4974,-14.4524,2020-02-16,0,0,0
Senegal,14.4974,-14.4524,2020-02-17,0,0,0
Senegal,14.4974,-14.4524,2020-02-18,0,0,0
Senegal,14.4974,-14.4524,2020-02-19,0,0,0
Senegal,14.4974,-14.4524,2020-02-20,0,0,0
Senegal,14.4974,-14.4524,2020-02-21,0,0,0
Senegal,14.4974,-14.4524,2020-02-22,0,0,0
Senegal,14.4974,-14.4524,2020-02-23,0,0,0
Senegal,14.4974,-14.4524,2020-02-24,0,0,0
Senegal,14.4974,-14.4524,2020-02-25,0,0,0
Senegal,14.4974,-14.4524,2020-02-26,0,0,0
Senegal,14.4974,-14.4524,2020-02-27,0,0,0
Senegal,14.4974,-14.4524,2020-02-28,0,0,0
Senegal,14.4974,-14.4524,2020-02-29,0,0,0
Senegal,14.4974,-14.4524,2020-03-01,0,0,0
Senegal,14.4974,-14.4524,2020-03-02,1,0,0
Senegal,14.4974,-14.4524,2020-03-03,2,0,0
Senegal,14.4974,-14.4524,2020-03-04,4,0,0
Senegal,14.4974,-14.4524,2020-03-05,4,0,0
Senegal,14.4974,-14.4524,2020-03-06,4,0,0
Senegal,14.4974,-14.4524,2020-03-07,4,0,0
Senegal,14.4974,-14.4524,2020-03-08,4,0,1
Senegal,14.4974,-14.4524,2020-03-09,4,0,1
Senegal,14.4974,-14.4524,2020-03-10,4,0,1
Senegal,14.4974,-14.4524,2020-03-11,4,0,1
Senegal,14.4974,-14.4524,2020-03-12,4,0,1
Senegal,14.4974,-14.4524,2020-03-13,10,0,1
Senegal,14.4974,-14.4524,2020-03-14,10,0,1
Senegal,14.4974,-14.4524,2020-03-15,24,0,1
Senegal,14.4974,-14.4524,2020-03-16,24,0,2
Senegal,14.4974,-14.4524,2020-03-17,26,0,2
Senegal,14.4974,-14.4524,2020-03-18,31,0,2
Senegal,14.4974,-14.4524,2020-03-19,31,0,2
Senegal,14.4974,-14.4524,2020-03-20,38,0,2
Senegal,14.4974,-14.4524,2020-03-21,47,0,5
Senegal,14.4974,-14.4524,2020-03-22,67,0,5
Senegal,14.4974,-14.4524,2020-03-23,79,0,5
Senegal,14.4974,-14.4524,2020-03-24,86,0,8
Senegal,14.4974,-14.4524,2020-03-25,99,0,9
Senegal,14.4974,-14.4524,2020-03-26,105,0,9
Senegal,14.4974,-14.4524,2020-03-27,119,0,11
Senegal,14.4974,-14.4524,2020-03-28,130,0,18
Senegal,14.4974,-14.4524,2020-03-29,142,0,27
Senegal,14.4974,-14.4524,2020-03-30,162,0,27
Senegal,14.4974,-14.4524,2020-03-31,175,0,40
Senegal,14.4974,-14.4524,2020-04-01,190,1,45
Senegal,14.4974,-14.4524,2020-04-02,195,1,55
Senegal,14.4974,-14.4524,2020-04-03,207,1,66
Senegal,14.4974,-14.4524,2020-04-04,219,2,72
Senegal,14.4974,-14.4524,2020-04-05,222,2,82
Senegal,14.4974,-14.4524,2020-04-06,226,2,92
Senegal,14.4974,-14.4524,2020-04-07,237,2,105
Togo,8.6195,0.8248,2020-01-22,0,0,0
Togo,8.6195,0.8248,2020-01-23,0,0,0
Togo,8.6195,0.8248,2020-01-24,0,0,0
Togo,8.6195,0.8248,2020-01-25,0,0,0
Togo,8.6195,0.8248,2020-01-26,0,0,0
Togo,8.6195,0.8248,2020-01-27,0,0,0
Togo,8.6195,0.8248,2020-01-28,0,0,0
Togo,8.6195,0.8248,2020-01-29,0,0,0
Togo,8.6195,0.8248,2020-01-30,0,0,0
Togo,8.6195,0.8248,2020-01-31,0,0,0
Togo,8.6195,0.8248,2020-02-01,0,0,0
Togo,8.6195,0.8248,2020-02-02,0,0,0
Togo,8.6195,0.8248,2020-02-03,0,0,0
Togo,8.6195,0.8248,2020-02-04,0,0,0
Togo,8.6195,0.8248,2020-02-05,0,0,0
Togo,8.6195,0.8248,2020-02-06,0,0,0
Togo,8.6195,0.8248,2020-02-07,0,0,0
Togo,8.6195,0.8248,2020-02-08,0,0,0
Togo,8.6195,0.8248,2020-02-09,0,0,0
Togo,8.6195,0.8248,2020-02-10,0,0,0
Togo,8.6195,0.8248,2020-02-11,0,0,0
Togo,8.6195,0.8248,2020-02-12,0,0,0
Togo,8.6195,0.8248,2020-02-13,0,0,0
Togo,8.6195,0.8248,2020-02-14,0,0,0
Togo,8.6195,0.8248,2020-02-15,0,0,0
Togo,8.6195,0.8248,2020-02-16,0,0,0
Togo,8.6195,0.8248,2020-02-17,0,0,0
Togo,8.6195,0.8248,2020-02-18,0,0,0
Togo,8.6195,0.8248,2020-02-19,0,0,0
Togo,8.6195,0.8248,2020-02-20,0,0,0
Togo,8.6195,0.8248,2020-02-21,0,0,0
Togo,8.6195,0.8248,2020-02-22,0,0,0
Togo,8.6195,0.8248,2020-02-23,0,0,0
Togo,8.6195,0.8248,2020-02-24,0,0,0
Togo,8.6195,0.8248,2020-02-25,0,0,0
Togo,8.6195,0.8248,2020-02-26,0,0,0
Togo,8.6195,0.8248,2020-02-27,0,0,0
Togo,8.6195,0.8248,2020-02-28,0,0,0
Togo,8.6195,0.8248,2020-02-29,0,0,0
Togo,8.6195,0.8248,2020-03-01,0,0,0
Togo,8.6195,0.8248,2020-03-02,0,0,0
Togo,8.6195,0.8248,2020-03-03,0,0,0
Togo,8.6195,0.8248,2020-03-04,0,0,0
Togo,8.6195,0.8248,2020-03-05,0,0,0
Togo,8.6195,0.8248,2020-03-06,1,0,0
Togo,8.6195,0.8248,2020-03-07,1,0,0
Togo,8.6195,0.8248,2020-03-08,1,0,0
Togo,8.6195,0.8248,2020-03-09,1,0,0
Togo,8.6195,0.8248,2020-03-10,1,0,0
Togo,8.6195,0.8248,2020-03-11,1,0,0
Togo,8.6195,0.8248,2020-03-12,1,0,0
Togo,8.6195,0.8248,2020-03-13,1,0,0
Togo,8.6195,0.8248,2020-03-14,1,0,0
Togo,8.6195,0.8248,2020-03-15,1,0,0
Togo,8.6195,0.8248,2020-03-16,1,0,0
Togo,8.6195,0.8248,2020-03-17,1,0,0
Togo,8.6195,0.8248,2020-03-18,1,0,0
Togo,8.6195,0.8248,2020-03-19,1,0,0
Togo,8.6195,0.8248,2020-03-20,9,0,1
Togo,8.6195,0.8248,2020-03-21,16,0,1
Togo,8.6195,0.8248,2020-03-22,16,0,1
Togo,8.6195,0.8248,2020-03-23,18,0,1
Togo,8.6195,0.8248,2020-03-24,20,0,1
Togo,8.6195,0.8248,2020-03-25,23,0,1
Togo,8.6195,0.8248,2020-03-26,23,0,1
Togo,8.6195,0.8248,2020-03-27,25,1,1
Togo,8.6195,0.8248,2020-03-28,25,1,1
Togo,8.6195,0.8248,2020-03-29,25,1,1
Togo,8.6195,0.8248,2020-03-30,30,1,1
Togo,8.6195,0.8248,2020-03-31,34,1,10
Togo,8.6195,0.8248,2020-04-01,36,2,10
Togo,8.6195,0.8248,2020-04-02,39,2,17
Togo,8.6195,0.8248,2020-04-03,40,3,17
Togo,8.6195,0.8248,2020-04-04,41,3,17
Togo,8.6195,0.8248,2020-04-05,44,3,20
Togo,8.6195,0.8248,2020-04-06,58,3,23
Togo,8.6195,0.8248,2020-04-07,65,3,23
